{
  "train_loss": [
    20.035518308041702,
    19.19867799099405
  ],
  "val_loss": [
    20.1226463909766,
    18.861695101842358
  ],
  "lr": [
    0.004051745317871987,
    3.590926801918958e-08
  ]
}